obra_social,plan_afiliado,droga_generica,medicamento,stock_actual,promos_bancos,precio_lista,descuentos_OS
PAMI,Jubilados,Diclofenaco,EQUATE LUBRICANT EYE DROPS,47,Tarjeta Naranja (Plan Z),239259.93,1
OSECAC,Plan Sueldo,Paracetamol,Diphenhydramine Hydrochloride,28,BBVA (3 cuotas sin interés),280621.69,0.4
Hominis,Plan Sueldo,Levotiroxina,Metoprolol Tartrate,94,Banco Nación (20% descuento),271932.97,0.4
OSDE,410,Amoxicilina,RISPERDAL,88,Ninguna,341656.55,0.7
Avalian,Plan Sueldo,Diclofenaco,Depo-Medrol,50,Santander (10% de ahorro),202162.01,0.4
OSECAC,Plan Familiar,Metformina,Stool Softener,50,Ninguna,48194.94,0.4
Prevención Salud,Plan Sueldo,Enalapril,Capture Totale Radiance Restoring Serum Foundation SPF 15 040,55,Modo (Reintegro $2000),103724.02,0.4
Luis Pasteur,PMO,Metoclopramida,Klor-Con,78,Ninguna,68079.76,0.4
Omint,PMO,Naproxeno,IROSPAN 24/6,48,ICBC (Ahorro en perfumería),238500.29,0.4
ASE,Plan Sueldo,Metoclopramida,Indigestion With Nausea,51,Cuenta DNI (30% Jueves),27836.52,0.4
Luis Pasteur,PMO,Amoxicilina,Haloperidol,82,BBVA (3 cuotas sin interés),68787.95,0.4
Avalian,Plan Sueldo,Ranitidina,Zosyn,34,BBVA (3 cuotas sin interés),51062.39,0.4
PAMI,Jubilados,Gabapentina,Covergirl Queen Collection All Day Flawless 3in1 Foundation,92,Ninguna,62200.16,1
Jerárquicos Salud,PMO,Metformina,"Dextroamphetamine Saccharate, Amphetamine Aspartate Monohydrate, Dextroamphetamine Sulfate and Amphetamine Sulfate",61,Ninguna,134696.6,0.4
OSECAC,Plan Familiar,Metformina,Arsuraneel,52,Ninguna,139862.08,0.4
Jerárquicos Salud,PMO,Loratadina Omeprazol,Fluoxetine,79,Ninguna,61192.47,0.4
Prevención Salud,Plan Familiar,Ibuprofeno,Extra-Virt Plus DHA,87,Ninguna,60897.07,0.4
PAMI,Jubilados,Diclofenaco,CARVEDILOL,86,ICBC (Ahorro en perfumería),299307.76,1
Hominis,PMO,Amoxicilina,Cover Fx Blemish Treatment Concealer N X-Deep,95,Ninguna,319530.54,0.4
OSUTHGRA,Plan Sueldo,Carbonato de Litio,Ear Wax Treatment,89,BNA+ (10% descuento),342992.33,0.4
Sancor Salud,Plan Sueldo,Naproxeno,Cephalexin,79,Ninguna,118894.66,0.4
OSDEPYM,Plan Familiar,Amoxicilina,Childrens Motrin,22,BBVA (3 cuotas sin interés),311883.8,0.4
ASE,Plan Familiar,Metformina,Levothyroxine Sodium,6,Modo (Reintegro $2000),312698.47,0.4
Omint,Plan Familiar,Metoclopramida,Sotalol Hydrochloride,7,Ninguna,117704.59,0.4
Jerárquicos Salud,Plan Sueldo,Gabapentina,Stress Control,16,ICBC (Ahorro en perfumería),176693.86,0.4
Sancor Salud,Plan Familiar,Paracetamol,Captopril,73,Ninguna,194938.74,0.4
Omint,PMO,Paracetamol,clopidogrel bisulfate,82,ICBC (Ahorro en perfumería),258140.32,0.4
Prevención Salud,Plan Sueldo,Loratadina Omeprazol,rizatriptan benzoate,10,Ninguna,14318.9,0.4
Avalian,PMO,Ibuprofeno,Naproxen,71,Tarjeta Naranja (Plan Z),306071.71,0.4
OSECAC,Plan Familiar,Metformina,Diclofenac Sodium,47,Galicia (Canje de puntos),125591.07,0.4
Swiss Medical,Plan Sueldo,Amoxicilina,daytime nitetime sinus,98,Tarjeta Naranja (Plan Z),144436.29,0.4
PAMI,Jubilados,Salbutamol,7 Select Childrens Allergy Relief,29,BBVA (3 cuotas sin interés),141113.22,1
OSECAC,PMO,Ibuprofeno,Ultra Glow Fade,29,Ninguna,247403.97,0.4
PAMI,Jubilados,Amoxicilina,Sambucol Cold and Flu Relief,100,Cuenta DNI (30% Jueves),212946.48,1
Sancor Salud,PMO,Loratadina Omeprazol,Naphazoline Hydrochloride and Pheniramine Maleate,81,Santander (10% de ahorro),120368.65,0.4
OSDE,410,Metformina,Cerafill Retaliate,24,Ninguna,80910.65,0.7
OSDEPYM,PMO,Levotiroxina,THE FLOWER UV INTENSE PACT,31,Modo (Reintegro $2000),151498.36,0.4
PAMI,Jubilados,Metformina,Fosinopril Sodium,28,Ninguna,76273.6,1
OSECAC,PMO,Paracetamol,Blue Ice Analgesic,70,BBVA (3 cuotas sin interés),114478.87,0.4
OSECAC,PMO,Metoclopramida,Divalproex Sodium,84,Galicia (Canje de puntos),46857.64,0.4
Prevención Salud,Plan Familiar,Enalapril,Divalproex Sodium,94,Banco Nación (20% descuento),298887.32,0.4
Prevención Salud,Plan Sueldo,Paracetamol,DESONIDE,24,ICBC (Ahorro en perfumería),269047.34,0.4
OSECAC,Plan Familiar,Naproxeno,Midazolam,48,Ninguna,118649.86,0.4
Medicus,PMO,Amoxicilina,Southern Home Supreme Clean Ultra Concentrated Orange Scent,69,BNA+ (10% descuento),191294.21,0.4
OSECAC,Plan Familiar,Amoxicilina,Fleet,32,Banco Nación (20% descuento),288602.34,0.4
Prevención Salud,PMO,Levotiroxina,HYDROCODONE BITARTRATE AND ACETAMINOPHEN,1,Tarjeta Naranja (Plan Z),20296.73,0.4
Prevención Salud,PMO,Gabapentina,JANUVIA,27,Ninguna,332788.42,0.4
OSECAC,Plan Sueldo,Ibuprofeno,Promolaxin,77,Ninguna,309352.23,0.4
OSDEPYM,Plan Familiar,Paracetamol,Sumatriptan Succinate,73,Ninguna,319327.8,0.4
Avalian,Plan Sueldo,Ibuprofeno,Xpect First aid Buffered Eye and Skin,65,Ninguna,80080.24,0.4
PAMI,Jubilados,Salbutamol,Disney PLANES FIRE and RESCUE BERRY SCENTED Antiseptic Hand CLEANSING,7,Tarjeta Naranja (Plan Z),113851.69,1
OSECAC,Plan Familiar,Levotiroxina,Genuine Hydrocortisone,30,Ninguna,36348.14,0.4
ASE,Plan Sueldo,Amoxicilina,KROGER NICOTINE TRANSDERMAL SYSTEM,85,Ninguna,48821.12,0.4
Avalian,PMO,Paracetamol,Verapamil Hydrochloride,14,Ninguna,226259.39,0.4
PAMI,Jubilados,Gabapentina,ISOVUE,21,Ninguna,198140.8,1
PAMI,Jubilados,Levotiroxina,Venlafaxine Hydrochloride,62,Ninguna,211066.29,1
OSUTHGRA,Plan Sueldo,Diclofenaco,Simvastatin,15,Tarjeta Naranja (Plan Z),285142.46,0.4
ASE,Plan Sueldo,Salbutamol,Valacyclovir Hydrochloride,11,Macro (15% ahorro Martes),186576.07,0.4
PAMI,Jubilados,Loratadina Omeprazol,Theophylline,17,Ninguna,80998.56,1
OSECAC,Plan Familiar,Metformina,Bacsode,72,Ninguna,111030.53,0.4
OSECAC,PMO,Metformina,Lyrica,88,Tarjeta Naranja (Plan Z),255366.1,0.4
ASE,Plan Familiar,Carbonato de Litio,Equaline milk of magnesia,78,Ninguna,139282.89,0.4
Sancor Salud,Plan Sueldo,Gabapentina,OXYGEN,15,Ninguna,248156.46,0.4
OSDEPYM,PMO,Ibuprofeno,ESTRADIOL VALERATE,51,ICBC (Ahorro en perfumería),191753.1,0.4
Omint,PMO,Metoclopramida,Senna Plus,10,Ninguna,117115.24,0.4
OSECAC,Plan Familiar,Metformina,NeobryXol Forte,78,Santander (10% de ahorro),287016.43,0.4
PAMI,Jubilados,Paracetamol,BANANA BOAT,68,Santander (10% de ahorro),155256.94,1
OSECAC,Plan Familiar,Levotiroxina,cold and flu,29,BBVA (3 cuotas sin interés),256755.94,0.4
ASE,PMO,Ranitidina,equate daytime nitetime,75,Ninguna,300144.9,0.4
Hominis,PMO,Diclofenaco,extra strength,50,Ninguna,73520.34,0.4
Prevención Salud,Plan Familiar,Diclofenaco,Mung Bean,97,Ninguna,346317.58,0.4
PAMI,Jubilados,Loratadina Omeprazol,PredniSONE,99,Ninguna,123135.14,1
OSECAC,PMO,Paracetamol,ESSENCE OF BEAUTY,49,Ninguna,191032.54,0.4
OSECAC,Plan Sueldo,Enalapril,Zicam,88,Ninguna,334951.51,0.4
Hominis,Plan Familiar,Ranitidina,No7 Lift and Luminate Foundation Sunscreen Broad Spectrum SPF 15 Warm Ivory,57,Cuenta DNI (30% Jueves),320763.4,0.4
Prevención Salud,PMO,Enalapril,ARTEMISIA VULGARIS POLLEN,73,Ninguna,154931.75,0.4
OSUTHGRA,Plan Familiar,Levotiroxina,Triamterene and Hydrochlorothiazide,56,Ninguna,42391.26,0.4
OSDE,410,Loratadina Omeprazol,QVAR,66,Santander (10% de ahorro),120195.3,0.7
Prevención Salud,Plan Familiar,Metformina,CYZONE,30,Tarjeta Naranja (Plan Z),133215.98,0.4
Galeno,PMO,Metoclopramida,Metformin Hydrochloride,71,ICBC (Ahorro en perfumería),39596.67,0.4
Galeno,PMO,Ibuprofeno,LBEL NATURAL FINISH MOISTURIZING FOUNDATION SPF 25,9,Ninguna,20181.72,0.4
PAMI,Jubilados,Metformina,Treatment Set TS331259,33,Ninguna,179355.32,1
Sancor Salud,PMO,Gabapentina,CoTZ SPF 35,94,Macro (15% ahorro Martes),162814.16,0.4
OSECAC,Plan Familiar,Enalapril,APAP,37,Ninguna,171716.67,0.4
OSECAC,Plan Sueldo,Diclofenaco,YF-VAX,95,Santander (10% de ahorro),237134.15,0.4
Hominis,Plan Familiar,Naproxeno,Alprazolam,72,Banco Nación (20% descuento),200133.51,0.4
OSUTHGRA,Plan Familiar,Ranitidina,Bacitracin,48,Ninguna,125435.42,0.4
PAMI,Jubilados,Ranitidina,LIFT THERAPY FORCE LIFT DAY 20 SPF,93,Galicia (Canje de puntos),218206.45,1
PAMI,Jubilados,Paracetamol,Sensipar,30,Tarjeta Naranja (Plan Z),242071.14,1
Omint,Plan Familiar,Paracetamol,pravastatin sodium,26,Ninguna,210690.17,0.4
Medicus,Plan Familiar,Gabapentina,Dry Eyes,44,BBVA (3 cuotas sin interés),212992.7,0.4
Omint,Plan Sueldo,Diclofenaco,Metronidazole,29,Modo (Reintegro $2000),292776.88,0.4
OSECAC,Plan Sueldo,Enalapril,Terazosin Hydrochloride,17,BBVA (3 cuotas sin interés),319520.05,0.4
PAMI,Jubilados,Diclofenaco,CELEBREX,75,BNA+ (10% descuento),140090.65,1
ASE,PMO,Amoxicilina,ACETA-GESIC,36,Ninguna,244943.32,0.4
PAMI,Jubilados,Naproxeno,Eszopiclone,85,Banco Nación (20% descuento),301972.73,1
OSUTHGRA,PMO,Amoxicilina,HyQvia,67,Modo (Reintegro $2000),214820.04,0.4
OSECAC,Plan Familiar,Naproxeno,dayhist allergy,78,Galicia (Canje de puntos),261012.91,0.4
ASE,Plan Sueldo,Metoclopramida,BUPROPION HYDROCHLORIDE,34,Ninguna,89815.94,0.4
Galeno,Plan Familiar,Enalapril,MEVACOR,14,Banco Nación (20% descuento),103960.58,0.4
OSECAC,Plan Sueldo,Paracetamol,HORSERADISH,33,Ninguna,178365.99,0.4
PAMI,Jubilados,Diclofenaco,Atracurium Besylate,37,Modo (Reintegro $2000),328480.26,1
OSDOP,PMO,Carbonato de Litio,Theraprofen-800,49,Ninguna,321394.57,0.4
Swiss Medical,Plan Sueldo,Metoclopramida,NAPROXEN,69,Ninguna,96818.81,0.4
PAMI,Jubilados,Amoxicilina,Ibuprofen,55,Macro (15% ahorro Martes),38173.85,1
Swiss Medical,PMO,Salbutamol,Isopropyl Alcohol,61,Ninguna,44151.3,0.4
Avalian,Plan Sueldo,Ranitidina,Lucky,7,ICBC (Ahorro en perfumería),157884.9,0.4
OSECAC,Plan Sueldo,Metoclopramida,NASOPEN,2,Ninguna,308289.93,0.4
PAMI,Jubilados,Carbonato de Litio,Anticavity Fluoride Rinse,66,Macro (15% ahorro Martes),234032.41,1
OSECAC,Plan Familiar,Levotiroxina,leader nite time,84,Modo (Reintegro $2000),276580.78,0.4
OSECAC,Plan Familiar,Naproxeno,Aorta Belladonna,69,Cuenta DNI (30% Jueves),304323.1,0.4
OSECAC,Plan Familiar,Metformina,topcare Antacid Calcium,42,ICBC (Ahorro en perfumería),213657.46,0.4
OSECAC,Plan Sueldo,Salbutamol,Target,13,ICBC (Ahorro en perfumería),343864.91,0.4
Galeno,PMO,Gabapentina,DawnMist Hypoallergenic Petroleum,73,Macro (15% ahorro Martes),35524.74,0.4
OSECAC,Plan Familiar,Metformina,CitraNatal 90 DHA,51,Ninguna,126404.77,0.4
PAMI,Jubilados,Amoxicilina,smart sense sinus,96,Santander (10% de ahorro),301207.26,1
OSECAC,Plan Sueldo,Carbonato de Litio,Childrens Acetaminophen Melts,2,Tarjeta Naranja (Plan Z),296115.0,0.4
Jerárquicos Salud,Plan Sueldo,Diclofenaco,Halls,91,BNA+ (10% descuento),97470.5,0.4
OSECAC,Plan Sueldo,Metformina,Epi-Clenz Plus Instant Hand Antiseptic,40,Ninguna,7604.63,0.4
Hominis,PMO,Naproxeno,Good Neighbor Pharmacy tussin dm max,9,Macro (15% ahorro Martes),226667.51,0.4
OSDOP,Plan Sueldo,Metformina,Cotton Candy Sunscreen Lip Moisturizer,10,Cuenta DNI (30% Jueves),218322.01,0.4
PAMI,Jubilados,Paracetamol,PsoCleer,42,Ninguna,310672.18,1
ASE,PMO,Paracetamol,Diclofenac Sodium D/R,97,Ninguna,136353.98,0.4
PAMI,Jubilados,Diclofenaco,AVENA SATIVA,82,Cuenta DNI (30% Jueves),99398.28,1
PAMI,Jubilados,Carbonato de Litio,Ovarium 6 Special Order,43,Ninguna,291662.65,1
Hominis,Plan Familiar,Paracetamol,Clonidine Hydrochloride,9,Ninguna,107903.03,0.4
OSDOP,Plan Sueldo,Ranitidina,footlogix,36,Galicia (Canje de puntos),151161.31,0.4
Omint,PMO,Amoxicilina,Timolol Maleate,9,Ninguna,23771.71,0.4
Jerárquicos Salud,Plan Familiar,Levotiroxina,Scar Control,66,ICBC (Ahorro en perfumería),171089.67,0.4
PAMI,Jubilados,Enalapril,Hydrogen Peroxide,65,Ninguna,209799.27,1
PAMI,Jubilados,Metoclopramida,healthy accents ibuprofen,79,Ninguna,34069.49,1
Swiss Medical,PMO,Paracetamol,Prednisone,47,Tarjeta Naranja (Plan Z),11154.83,0.4
Swiss Medical,Plan Familiar,Carbonato de Litio,Saltbush,37,Santander (10% de ahorro),134538.79,0.4
Omint,Plan Familiar,Levotiroxina,Scape SPF 50 Moisturizing Face,22,ICBC (Ahorro en perfumería),98166.82,0.4
Prevención Salud,Plan Familiar,Enalapril,Burkhart,37,Tarjeta Naranja (Plan Z),303023.15,0.4
Avalian,Plan Sueldo,Loratadina Omeprazol,Belladonna Alkaloids with Phenobartbital,63,Cuenta DNI (30% Jueves),140089.57,0.4
Omint,PMO,Diclofenaco,JIDESHENG HEMORRHOID,72,Ninguna,252395.67,0.4
PAMI,Jubilados,Naproxeno,Naproxen,63,ICBC (Ahorro en perfumería),107434.39,1
OSECAC,Plan Sueldo,Levotiroxina,BENZPHETAMINE HYDROCHLORIDE,53,Banco Nación (20% descuento),333784.15,0.4
OSECAC,Plan Familiar,Ibuprofeno,IBU,64,Ninguna,69467.73,0.4
Galeno,Plan Sueldo,Levotiroxina,STANDARDIZED MITE D FARINAE,36,Ninguna,224981.12,0.4
Galeno,PMO,Diclofenaco,Megestrol Acetate,72,Galicia (Canje de puntos),312828.83,0.4
Medifé,Plan Familiar,Metoclopramida,MELAMIN Skin Bleaching and Correcting,82,Macro (15% ahorro Martes),40669.53,0.4
Hominis,Plan Sueldo,Salbutamol,Sertraline Hydrochloride,41,Ninguna,121861.88,0.4
PAMI,Jubilados,Diclofenaco,Humalog,80,Santander (10% de ahorro),183096.73,1
Hominis,Plan Familiar,Carbonato de Litio,Appetite Increase,30,Ninguna,348593.46,0.4
Medicus,Plan Sueldo,Carbonato de Litio,Carboplatin,5,Ninguna,227485.48,0.4
Hominis,PMO,Gabapentina,PRENATE Restore,35,Cuenta DNI (30% Jueves),162318.64,0.4
PAMI,Jubilados,Paracetamol,Australian Gold,34,Galicia (Canje de puntos),299997.96,1
OSECAC,Plan Sueldo,Carbonato de Litio,Rabbitbush,1,Ninguna,80045.12,0.4
OSECAC,Plan Familiar,Levotiroxina,childrens ibuprofen oral suspension,23,Ninguna,133601.36,0.4
Avalian,Plan Sueldo,Diclofenaco,Fluocinonide,92,Ninguna,80809.56,0.4
ASE,PMO,Ranitidina,PHENYTOIN SODIUM,86,Cuenta DNI (30% Jueves),121796.78,0.4
PAMI,Jubilados,Diclofenaco,Pentazocine HCl and Acetaminophen,55,Ninguna,46827.96,1
PAMI,Jubilados,Salbutamol,Vicks QlearQuil,26,Santander (10% de ahorro),237622.74,1
ASE,PMO,Enalapril,ConRx Cold,21,Cuenta DNI (30% Jueves),148517.68,0.4
Hominis,Plan Sueldo,Gabapentina,Rite Aid,47,Ninguna,34279.93,0.4
OSECAC,Plan Sueldo,Gabapentina,OLEA EUROPAEA POLLEN,80,Ninguna,253270.83,0.4
OSUTHGRA,PMO,Enalapril,HYDROCORTISONE,5,Tarjeta Naranja (Plan Z),159426.08,0.4
PAMI,Jubilados,Diclofenaco,Gas Relief,50,Galicia (Canje de puntos),272856.03,1
Medifé,Plan Sueldo,Salbutamol,Lollipop,16,Ninguna,68483.9,0.4
Avalian,Plan Familiar,Ranitidina,Good Neighbor Pharmacy Vitamin A and D,53,Modo (Reintegro $2000),208331.88,0.4
Sancor Salud,Plan Sueldo,Naproxeno,Promethazine Hydrochloride,58,Modo (Reintegro $2000),255818.81,0.4
Medicus,Plan Sueldo,Ranitidina,Bioelements,67,BBVA (3 cuotas sin interés),223763.17,0.4
Medicus,PMO,Diclofenaco,Paroxetine,100,BNA+ (10% descuento),88716.05,0.4
OSECAC,PMO,Paracetamol,Pravastatin Sodium,85,ICBC (Ahorro en perfumería),54497.09,0.4
OSECAC,Plan Sueldo,Metformina,INSTANT Hand Sanitizer Extra Enriched With Vitamin E Strawberry Scent,75,Santander (10% de ahorro),242889.43,0.4
OSECAC,PMO,Loratadina Omeprazol,Lisinopril,28,Macro (15% ahorro Martes),205287.46,0.4
Avalian,Plan Familiar,Gabapentina,Lorazepam,71,Ninguna,122226.04,0.4
Jerárquicos Salud,PMO,Salbutamol,ARNICA,50,Banco Nación (20% descuento),60060.85,0.4
OSDOP,Plan Familiar,Amoxicilina,GERI-LANTA ANTACID ANTIGAS,50,Tarjeta Naranja (Plan Z),41377.92,0.4
OSECAC,PMO,Diclofenaco,"Pollens - Weeds and Garden Plants, Scale, Wing (Shad) Atriplex canescens",4,Banco Nación (20% descuento),39904.2,0.4
OSECAC,Plan Sueldo,Enalapril,Mirtazapine,65,Santander (10% de ahorro),176200.78,0.4
OSECAC,Plan Familiar,Salbutamol,Griseofulvin,16,Galicia (Canje de puntos),53402.19,0.4
Prevención Salud,PMO,Diclofenaco,Sulfamethoxazole and Trimethoprim,41,Ninguna,253117.21,0.4
OSECAC,Plan Sueldo,Levotiroxina,MEXICAN TEA POLLEN,20,Ninguna,211601.09,0.4
Hominis,PMO,Levotiroxina,KLEENEX Antibacterial Clear Skin Cleanser,97,Modo (Reintegro $2000),16698.27,0.4
Luis Pasteur,Plan Sueldo,Metformina,MEDROX,48,Ninguna,9895.58,0.4
Galeno,Plan Familiar,Carbonato de Litio,LBEL COULEUR LUXE AMPLIFIER XP,43,Ninguna,216461.95,0.4
PAMI,Jubilados,Gabapentina,OXYGEN,40,Santander (10% de ahorro),330132.81,1
Galeno,PMO,Enalapril,Oxycodone and Acetaminophen,51,BNA+ (10% descuento),13355.27,0.4
OSDE,210,Levotiroxina,Doxycycline Hyclate,84,BBVA (3 cuotas sin interés),212031.8,0.4
Prevención Salud,Plan Familiar,Amoxicilina,ibuprofen,67,Modo (Reintegro $2000),98865.97,0.4
PAMI,Jubilados,Ibuprofeno,Atenolol,32,Santander (10% de ahorro),307667.94,1
OSDE,310,Ranitidina,Effexor,63,Tarjeta Naranja (Plan Z),132002.31,0.6
PAMI,Jubilados,Salbutamol,Kadian,83,Ninguna,274290.05,1
Omint,Plan Familiar,Metoclopramida,Rite Aid RENEWAL,5,Ninguna,304423.05,0.4
Medifé,Plan Familiar,Amoxicilina,ESSENTIAL SOLUTION CAVIAR MASK SHEET,52,Tarjeta Naranja (Plan Z),133638.56,0.4
Avalian,Plan Familiar,Levotiroxina,Emtriva,36,Ninguna,182579.35,0.4
OSECAC,PMO,Enalapril,EpiPen,72,Ninguna,338975.17,0.4
Sancor Salud,PMO,Paracetamol,Caffeine Citrate,92,Cuenta DNI (30% Jueves),328445.93,0.4
Galeno,Plan Familiar,Gabapentina,Equate Anti-Wrinkle,29,Ninguna,92715.76,0.4
Avalian,PMO,Amoxicilina,Cilostazol,63,Santander (10% de ahorro),145361.78,0.4
Luis Pasteur,Plan Sueldo,Salbutamol,Haloperidol,48,Ninguna,341368.17,0.4
Medifé,Plan Sueldo,Metoclopramida,Hydroxyzine Pamoate,22,Ninguna,208079.33,0.4
Hominis,PMO,Loratadina Omeprazol,Lidocaine Hydrochloride,28,Ninguna,42310.34,0.4
Medicus,PMO,Paracetamol,DESONATE,70,Ninguna,28202.55,0.4
OSECAC,Plan Sueldo,Carbonato de Litio,Capmist DM,54,Tarjeta Naranja (Plan Z),285778.72,0.4
PAMI,Jubilados,Paracetamol,THE FIRST EMULSION,18,Ninguna,100485.86,1
Omint,Plan Sueldo,Naproxeno,NAFCILLIN SODIUM,41,Ninguna,169640.64,0.4
Omint,PMO,Enalapril,LBel Paris,95,ICBC (Ahorro en perfumería),96698.16,0.4
OSDEPYM,Plan Sueldo,Ibuprofeno,ALNUS INCANA SSP RUGOSA POLLEN,61,Macro (15% ahorro Martes),214483.71,0.4
Swiss Medical,PMO,Diclofenaco,Ropinirole,98,Cuenta DNI (30% Jueves),243598.03,0.4
OSDEPYM,Plan Familiar,Gabapentina,Gemcitabine,66,Cuenta DNI (30% Jueves),29510.27,0.4
Swiss Medical,Plan Familiar,Diclofenaco,PROVIGIL,12,Santander (10% de ahorro),94727.38,0.4
Hominis,PMO,Levotiroxina,Mederma PM,43,Ninguna,95107.78,0.4
Luis Pasteur,Plan Familiar,Diclofenaco,Russian Olive,23,Banco Nación (20% descuento),214492.81,0.4
OSDOP,PMO,Salbutamol,Lamotrigine,30,Ninguna,143797.54,0.4
Swiss Medical,PMO,Diclofenaco,Sterile Vancomycin Hydrochloride,48,Galicia (Canje de puntos),210793.54,0.4
Hominis,Plan Sueldo,Salbutamol,ZOFRAN,24,Ninguna,268365.22,0.4
OSDE,410,Loratadina Omeprazol,Truvada,56,Ninguna,65605.62,0.7
Jerárquicos Salud,Plan Familiar,Carbonato de Litio,ARANESP,4,BBVA (3 cuotas sin interés),14607.79,0.4
PAMI,Jubilados,Enalapril,Amlodipine Besylate,15,Banco Nación (20% descuento),52306.31,1
Avalian,Plan Sueldo,Amoxicilina,SnowSkin Face Sunscreen,80,Galicia (Canje de puntos),147038.64,0.4
OSDE,410,Carbonato de Litio,Cosmetic and Household Detox,45,Ninguna,115800.18,0.7
Hominis,Plan Sueldo,Naproxeno,Berberis Oxalis,60,Ninguna,227887.21,0.4
Swiss Medical,Plan Sueldo,Levotiroxina,Chlorhexidine Gluconate 0.12% Oral Rinse,76,ICBC (Ahorro en perfumería),327224.44,0.4
Omint,PMO,Naproxeno,PENICILLIUM CHRYSOGENUM VAR CHRYSOGENUM,12,ICBC (Ahorro en perfumería),94375.72,0.4
PAMI,Jubilados,Metoclopramida,ATOPALM Oral Pain Relief,60,Ninguna,221156.55,1
Sancor Salud,PMO,Naproxeno,Nortriptyline Hydrochloride,46,Ninguna,81781.94,0.4
OSUTHGRA,PMO,Gabapentina,Aplicare Povidone Iodine Swabstick,17,Cuenta DNI (30% Jueves),341795.27,0.4
Hominis,PMO,Gabapentina,Aldex CT,54,Tarjeta Naranja (Plan Z),33544.12,0.4
OSDE,410,Diclofenaco,Etodolac,92,Ninguna,324963.61,0.7
Luis Pasteur,PMO,Diclofenaco,Body Raves Antibacterial Hand Sanitizer - Lavender Vanilla,60,Banco Nación (20% descuento),84650.81,0.4
OSECAC,Plan Familiar,Amoxicilina,SANCTURA,85,Macro (15% ahorro Martes),90106.67,0.4
PAMI,Jubilados,Paracetamol,Tobramycin,99,Santander (10% de ahorro),12027.15,1
PAMI,Jubilados,Metformina,Western Water Hemp,58,Galicia (Canje de puntos),100783.45,1
PAMI,Jubilados,Carbonato de Litio,Methocarbamol,61,BNA+ (10% descuento),203176.64,1
PAMI,Jubilados,Carbonato de Litio,Propranolol Hydrochloride,46,ICBC (Ahorro en perfumería),97676.74,1
OSECAC,PMO,Gabapentina,Follistim AQ,46,Ninguna,200389.6,0.4
OSECAC,PMO,Ranitidina,Whole Care,98,Ninguna,202673.35,0.4
PAMI,Jubilados,Ranitidina,Hydralazine Hydrochloride,23,Ninguna,303192.58,1
Galeno,PMO,Salbutamol,Lithium Carbonate,100,Santander (10% de ahorro),227021.31,0.4
OSDOP,Plan Sueldo,Diclofenaco,Antiseptic Mouth Rinse,88,Ninguna,59891.29,0.4
OSECAC,Plan Sueldo,Ibuprofeno,Premsyn pms Premenstrual Syndrome Relief,36,Modo (Reintegro $2000),84876.83,0.4
Luis Pasteur,Plan Familiar,Metformina,Prednisone,46,Modo (Reintegro $2000),199638.38,0.4
PAMI,Jubilados,Loratadina Omeprazol,Warfarin Sodium,60,BNA+ (10% descuento),172992.42,1
OSDE,410,Metoclopramida,Keppra,7,Ninguna,105201.42,0.7
OSUTHGRA,PMO,Ibuprofeno,Protonix,49,Santander (10% de ahorro),331574.1,0.4
Hominis,Plan Sueldo,Levotiroxina,Z-COF 1,88,Modo (Reintegro $2000),32588.23,0.4
Galeno,Plan Sueldo,Gabapentina,OFFBite and Itch Rel,21,Ninguna,284456.01,0.4
PAMI,Jubilados,Gabapentina,MADA Hand Sanitizing Wipes,19,ICBC (Ahorro en perfumería),334230.09,1
Prevención Salud,Plan Sueldo,Gabapentina,Azithromycin,79,Ninguna,288107.45,0.4
Avalian,Plan Sueldo,Metformina,Clonidine Hydrochloride,46,Tarjeta Naranja (Plan Z),182469.55,0.4
Avalian,Plan Sueldo,Diclofenaco,cefuroxime axetil,42,Ninguna,227245.79,0.4
Hominis,PMO,Ranitidina,Metronidazole,18,Tarjeta Naranja (Plan Z),40401.1,0.4
Sancor Salud,Plan Familiar,Ranitidina,Scrub-In Surgical Scrub Brush/Sponge,80,ICBC (Ahorro en perfumería),285221.99,0.4
Omint,PMO,Gabapentina,Argentum Viscum,32,Galicia (Canje de puntos),313026.86,0.4
Omint,Plan Familiar,Amoxicilina,Primidone,7,Ninguna,138403.63,0.4
OSECAC,Plan Familiar,Carbonato de Litio,CENTER-AL - OLEA EUROPAEA POLLEN,85,Ninguna,113813.13,0.4
OSDE,210,Salbutamol,Doxycycline Hyclate,11,Galicia (Canje de puntos),308870.73,0.4
ASE,Plan Sueldo,Gabapentina,Cefepime,36,Tarjeta Naranja (Plan Z),164750.53,0.4
OSECAC,PMO,Naproxeno,RUTA GRAV,67,Cuenta DNI (30% Jueves),128089.72,0.4
Prevención Salud,Plan Sueldo,Enalapril,Carbamazepine,52,ICBC (Ahorro en perfumería),294180.19,0.4
Luis Pasteur,PMO,Metoclopramida,Captopril,6,Cuenta DNI (30% Jueves),98846.45,0.4
Omint,Plan Familiar,Loratadina Omeprazol,Follistim AQ,51,Galicia (Canje de puntos),217436.86,0.4
Luis Pasteur,PMO,Gabapentina,4 in 1 Pressed Mineral SPF 15 Golden Medium,51,BBVA (3 cuotas sin interés),247291.43,0.4
OSECAC,Plan Sueldo,Gabapentina,Leflunomide,75,Ninguna,63408.27,0.4
OSUTHGRA,PMO,Metoclopramida,FLUVOXAMINE MALEATE,8,Tarjeta Naranja (Plan Z),16416.25,0.4
OSECAC,PMO,Salbutamol,DiorSkin Forever Wear Extending Invisible Retouch SPF 8 - 002,34,Ninguna,47398.0,0.4
Medifé,Plan Familiar,Salbutamol,ActivOn Ultra Strength,10,Galicia (Canje de puntos),19071.99,0.4
Avalian,Plan Familiar,Ranitidina,CENTER-AL - CARYA ILLINOINENSIS POLLEN,98,BBVA (3 cuotas sin interés),58389.39,0.4
Sancor Salud,PMO,Metformina,SENEXON-S,45,Ninguna,24567.58,0.4
PAMI,Jubilados,Diclofenaco,Paperbark Birch,58,Galicia (Canje de puntos),259059.89,1
PAMI,Jubilados,Diclofenaco,Probenecid,22,ICBC (Ahorro en perfumería),185432.95,1
OSECAC,Plan Sueldo,Ibuprofeno,Tretinoin,36,Ninguna,187296.76,0.4
Luis Pasteur,Plan Sueldo,Naproxeno,Furosemide,50,Ninguna,49000.36,0.4
OSECAC,PMO,Diclofenaco,Clearasil Ultra,50,Ninguna,282639.64,0.4
Prevención Salud,Plan Sueldo,Enalapril,Terbinafine Hydrochloride,27,Macro (15% ahorro Martes),182354.69,0.4
OSECAC,PMO,Amoxicilina,No7 CC Cream Medium,56,Tarjeta Naranja (Plan Z),271755.2,0.4
PAMI,Jubilados,Metoclopramida,Ecolab,84,Modo (Reintegro $2000),61347.62,1
Medifé,Plan Familiar,Ibuprofeno,Walgreens SUNSCREEN,91,Ninguna,36973.44,0.4
PAMI,Jubilados,Enalapril,Halobetasol Propionate,63,Macro (15% ahorro Martes),240277.6,1
Sancor Salud,PMO,Metformina,LBEL Couleur Luxe Rouge Amplifier XP amplifying SPF 15,34,Tarjeta Naranja (Plan Z),170972.35,0.4
Swiss Medical,Plan Sueldo,Metoclopramida,NARS FOUNDATION,79,Cuenta DNI (30% Jueves),310857.13,0.4
PAMI,Jubilados,Amoxicilina,Ampicillin,4,Santander (10% de ahorro),168342.54,1
OSDE,310,Diclofenaco,Remedy Skin Protectant,94,Cuenta DNI (30% Jueves),199092.24,0.6
PAMI,Jubilados,Loratadina Omeprazol,retaine MGD,63,Banco Nación (20% descuento),78314.54,1
OSUTHGRA,PMO,Enalapril,Y-age AEON,48,Ninguna,233440.99,0.4
ASE,Plan Sueldo,Loratadina Omeprazol,Calcium Carbonate,88,Galicia (Canje de puntos),208939.59,0.4
Hominis,Plan Sueldo,Diclofenaco,CLINIQUE,5,BNA+ (10% descuento),97196.56,0.4
OSECAC,Plan Familiar,Metformina,METRONIDAZOLE,9,Galicia (Canje de puntos),23843.86,0.4
Medifé,Plan Familiar,Metoclopramida,PureLife Topical Anesthetic,43,Ninguna,113660.8,0.4
PAMI,Jubilados,Metoclopramida,SUSTIVA,48,Ninguna,129983.32,1
OSDOP,Plan Familiar,Ibuprofeno,Metformin Hydrochloride,79,Santander (10% de ahorro),309154.27,0.4
Omint,Plan Sueldo,Ranitidina,Amturnide,20,Ninguna,190880.34,0.4
OSDEPYM,Plan Familiar,Metformina,benzonatate,67,Ninguna,203189.31,0.4
Medifé,Plan Sueldo,Loratadina Omeprazol,Niaspan,100,Banco Nación (20% descuento),255752.38,0.4
Omint,Plan Sueldo,Carbonato de Litio,Terconazole,10,Modo (Reintegro $2000),211700.07,0.4
OSUTHGRA,PMO,Levotiroxina,SUMATRIPTAN,36,Modo (Reintegro $2000),78432.64,0.4
Prevención Salud,Plan Sueldo,Carbonato de Litio,Hydrocodone Bitartrate and Acetaminophen,8,Ninguna,295495.82,0.4
PAMI,Jubilados,Carbonato de Litio,Divine Illumination Divine Flawless Foundation,9,Macro (15% ahorro Martes),341318.25,1
OSECAC,Plan Familiar,Enalapril,Eve Lom Brilliant Cover Concealer Broad Spectrum SPF 15 Sunscreen,46,BBVA (3 cuotas sin interés),311919.1,0.4
PAMI,Jubilados,Enalapril,castor oil,76,Macro (15% ahorro Martes),160985.96,1
Avalian,Plan Familiar,Amoxicilina,Ibuprofen,44,Banco Nación (20% descuento),120469.8,0.4
Sancor Salud,PMO,Levotiroxina,Labetalol Hydrochloride,92,Ninguna,113920.26,0.4
OSDOP,Plan Familiar,Salbutamol,Galantamine,54,Modo (Reintegro $2000),296255.28,0.4
OSECAC,Plan Sueldo,Salbutamol,Milk of Magnesia Mint,25,Galicia (Canje de puntos),314462.3,0.4
Omint,PMO,Naproxeno,Omeprazole,50,Ninguna,20840.92,0.4
Avalian,Plan Sueldo,Metformina,TOPCARE,31,Ninguna,254268.67,0.4
Avalian,Plan Familiar,Metformina,Tamiflu,18,Ninguna,322238.35,0.4
OSDE,310,Levotiroxina,CLARINS BROAD SPECTRUM SPF 50 SUNSCREEN CARE MILK FOR CHILDREN,64,Cuenta DNI (30% Jueves),136431.97,0.6
OSECAC,Plan Sueldo,Loratadina Omeprazol,Leucovorin Calcium,57,ICBC (Ahorro en perfumería),90467.5,0.4
Swiss Medical,Plan Familiar,Naproxeno,Magnolia Blossom Scented Hand Sanitizer Anti-Bacterial,74,Cuenta DNI (30% Jueves),302741.91,0.4
OSUTHGRA,Plan Familiar,Levotiroxina,LBEL COULEUR LUXE AMPLIFIER XP,1,Cuenta DNI (30% Jueves),188823.05,0.4
OSECAC,Plan Sueldo,Levotiroxina,No7 Rebalancing Day Fluid Sunscreen SPF 15,52,Ninguna,264097.44,0.4
OSUTHGRA,Plan Familiar,Carbonato de Litio,flu and severe cold and cough,79,Ninguna,102837.16,0.4
ASE,PMO,Enalapril,Covergirl Advanced Radiance,64,ICBC (Ahorro en perfumería),58729.41,0.4
Medifé,Plan Sueldo,Amoxicilina,PredniSONE,59,Macro (15% ahorro Martes),270343.56,0.4
Luis Pasteur,PMO,Salbutamol,LBEL EFFET PARFAIT filling effect foundation SPF 10 - OBSCURE 9,40,Ninguna,28602.49,0.4
OSECAC,Plan Familiar,Metoclopramida,MACCOLA,54,Ninguna,119547.52,0.4
Hominis,Plan Sueldo,Ibuprofeno,LISTERINE TOTAL CARE,22,Ninguna,234109.51,0.4
OSECAC,Plan Sueldo,Carbonato de Litio,Octreotide acetate,3,Modo (Reintegro $2000),233739.54,0.4
Hominis,Plan Familiar,Metoclopramida,leader pain reliever,2,BBVA (3 cuotas sin interés),212176.48,0.4
ASE,Plan Familiar,Metformina,Naturasil,94,ICBC (Ahorro en perfumería),48401.67,0.4
OSDOP,Plan Familiar,Gabapentina,SIMPEX Bisacodyl laxative,67,Ninguna,166654.82,0.4
OSUTHGRA,PMO,Ranitidina,Medline Alcohol Prep,36,Tarjeta Naranja (Plan Z),293542.8,0.4
Prevención Salud,Plan Familiar,Gabapentina,Mirtazapine,42,Ninguna,241116.38,0.4
Luis Pasteur,Plan Familiar,Levotiroxina,Clarithromycin,93,Tarjeta Naranja (Plan Z),144363.1,0.4
OSECAC,Plan Sueldo,Metformina,Sotalol Hydrochloride,44,ICBC (Ahorro en perfumería),183264.38,0.4
Sancor Salud,Plan Familiar,Levotiroxina,ziprasidone hydrochloride,65,Ninguna,165139.83,0.4
OSECAC,Plan Familiar,Paracetamol,Equaline Dandruff,86,BNA+ (10% descuento),327476.83,0.4
OSDOP,PMO,Metformina,Triamterene and Hydrochlorothiazide,36,Ninguna,61954.44,0.4
OSECAC,Plan Sueldo,Salbutamol,Flumazenil,96,Macro (15% ahorro Martes),206748.22,0.4
Galeno,Plan Familiar,Salbutamol,Leg Cramps,79,Ninguna,164102.06,0.4
Medicus,Plan Sueldo,Ibuprofeno,Galantamine,4,Ninguna,274485.55,0.4
Jerárquicos Salud,Plan Familiar,Gabapentina,GAS RELIEF,94,Modo (Reintegro $2000),14144.54,0.4
Medifé,Plan Familiar,Gabapentina,Enoxaparin Sodium,70,Ninguna,134106.05,0.4
OSUTHGRA,PMO,Naproxeno,Childrens Ibuprofen,7,BBVA (3 cuotas sin interés),74872.46,0.4
Medifé,PMO,Diclofenaco,Rite Aid RENEWAL,53,ICBC (Ahorro en perfumería),98858.82,0.4
Medicus,PMO,Metformina,Lithium,5,Ninguna,253116.26,0.4
PAMI,Jubilados,Ranitidina,LACHESIS MUTUS,62,Santander (10% de ahorro),308608.7,1
PAMI,Jubilados,Metoclopramida,Pravastatin Sodium,75,Ninguna,287953.26,1
Avalian,PMO,Salbutamol,Fluticasone Propionate,75,Galicia (Canje de puntos),18360.3,0.4
Prevención Salud,Plan Familiar,Loratadina Omeprazol,Nephroplex,94,Modo (Reintegro $2000),110287.71,0.4
PAMI,Jubilados,Ibuprofeno,Tizanidine,28,Banco Nación (20% descuento),342339.26,1
Jerárquicos Salud,PMO,Naproxeno,Liposyn III,88,Macro (15% ahorro Martes),143344.03,0.4
Sancor Salud,Plan Sueldo,Loratadina Omeprazol,Paroxetine,53,Ninguna,340294.9,0.4
OSDEPYM,Plan Familiar,Naproxeno,Clorazepate Dipotassium,19,Santander (10% de ahorro),292137.48,0.4
OSECAC,Plan Sueldo,Metoclopramida,CEFTRIAXONE,97,Ninguna,218623.25,0.4
PAMI,Jubilados,Enalapril,DentiCare Denti-Pro,97,Santander (10% de ahorro),243164.01,1
Medifé,Plan Sueldo,Paracetamol,Calcium Carbonate,4,Ninguna,131774.11,0.4
Avalian,PMO,Paracetamol,FLUCONAZOLE,76,Macro (15% ahorro Martes),148836.79,0.4
Omint,Plan Familiar,Paracetamol,HYDROCODONE BITARTRATE AND ACETAMINOPHEN,22,Ninguna,33400.61,0.4
PAMI,Jubilados,Metformina,"Dextroamphetamine saccharate, amphetamine aspartate monohydrate, dextroamphetamine sulfate, amphetamine sulfate",9,Ninguna,269019.17,1
Omint,PMO,Levotiroxina,Clonidine Hydrochloride,65,Ninguna,326449.15,0.4
Avalian,PMO,Enalapril,allergy relief,99,Banco Nación (20% descuento),146978.58,0.4
Medicus,Plan Sueldo,Paracetamol,Aspergillus niger,51,Ninguna,169680.21,0.4
Avalian,Plan Familiar,Paracetamol,Xanax,17,Galicia (Canje de puntos),314625.6,0.4
Hominis,Plan Sueldo,Naproxeno,DESOGESTREL AND ETHINYL ESTRADIOL AND ETHINYL ESTRADIOL,76,Ninguna,230567.83,0.4
OSECAC,PMO,Amoxicilina,Spironolactone,92,Cuenta DNI (30% Jueves),279701.21,0.4
PAMI,Jubilados,Ibuprofeno,Magnesium Sulfate,26,Banco Nación (20% descuento),56049.86,1
OSECAC,PMO,Diclofenaco,AQUASOL A,99,Tarjeta Naranja (Plan Z),270602.53,0.4
OSECAC,Plan Familiar,Levotiroxina,MethylPREDNISolone,56,Santander (10% de ahorro),171467.3,0.4
PAMI,Jubilados,Levotiroxina,Isopropyl Alcohol,78,Ninguna,300491.79,1
Sancor Salud,Plan Familiar,Gabapentina,Cefpodoxime Proxetil,31,Ninguna,93222.65,0.4
PAMI,Jubilados,Metoclopramida,MEDIQUE APAP Extra Strength,69,Cuenta DNI (30% Jueves),336103.58,1
PAMI,Jubilados,Ibuprofeno,RITUALS broad spectrum SPF 15 sunscreen matt finish foundation SHADE 12,25,BNA+ (10% descuento),167351.53,1
Galeno,Plan Familiar,Naproxeno,Body Wash,32,BNA+ (10% descuento),98255.5,0.4
OSDEPYM,PMO,Paracetamol,winter vanilla hand sanitizer,32,Cuenta DNI (30% Jueves),115770.59,0.4
OSECAC,PMO,Metoclopramida,Nasal Catarrh,70,Cuenta DNI (30% Jueves),148465.32,0.4
OSDOP,PMO,Naproxeno,Premier Value Arthritis 8 Hour,65,Ninguna,49523.85,0.4
OSECAC,PMO,Metformina,Belucie Luxury Essential Twin Pact NO21,62,Ninguna,313029.42,0.4
Sancor Salud,PMO,Gabapentina,OXYGEN,14,Santander (10% de ahorro),329123.18,0.4
OSECAC,Plan Sueldo,Diclofenaco,Bijon 40 (Number 54),18,Galicia (Canje de puntos),112916.55,0.4
Galeno,Plan Familiar,Ranitidina,MAXALT-MLT,78,Galicia (Canje de puntos),218733.99,0.4
ASE,PMO,Carbonato de Litio,Hemorrhoid Relief,22,Galicia (Canje de puntos),22056.54,0.4
Medifé,Plan Familiar,Amoxicilina,Mountain Cedar,61,Ninguna,116365.41,0.4
Medifé,PMO,Naproxeno,Secret Clinical Strength,2,Ninguna,309299.17,0.4
ASE,Plan Sueldo,Metoclopramida,Candesartan Cilexetil and Hydrochlorothiazide,48,Cuenta DNI (30% Jueves),266740.51,0.4
Sancor Salud,Plan Sueldo,Metoclopramida,Spiny Pigweed,73,Ninguna,147629.45,0.4
Hominis,Plan Familiar,Paracetamol,Ondansetron Hydrochloride,12,Cuenta DNI (30% Jueves),318411.55,0.4
Prevención Salud,PMO,Naproxeno,SmartRx Natural Pain Relief Sleeve WRIST,35,Ninguna,94408.91,0.4
Medicus,PMO,Diclofenaco,Simvastatin,62,Santander (10% de ahorro),145755.56,0.4
PAMI,Jubilados,Salbutamol,Low Dose Aspirin,9,Ninguna,281499.92,1
PAMI,Jubilados,Diclofenaco,Healthy Accents Nicotine,76,Ninguna,340429.1,1
PAMI,Jubilados,Gabapentina,Donnatal,89,Santander (10% de ahorro),246813.61,1
Medicus,Plan Familiar,Ibuprofeno,KETOROLAC TROMETHAMINE,14,Modo (Reintegro $2000),325049.91,0.4
OSDEPYM,Plan Sueldo,Amoxicilina,Triple Antibiotic,45,Tarjeta Naranja (Plan Z),197769.68,0.4
Medifé,Plan Familiar,Amoxicilina,Bacteriostatic Water,78,Ninguna,294362.98,0.4
Jerárquicos Salud,Plan Sueldo,Naproxeno,Pedi-Quick OneStep Corn Removers,96,Ninguna,155208.92,0.4
OSDE,410,Naproxeno,Dandruff,51,ICBC (Ahorro en perfumería),325504.61,0.7
Sancor Salud,Plan Sueldo,Diclofenaco,Colocort,17,Ninguna,177538.38,0.4
PAMI,Jubilados,Ranitidina,Moisture Therapy,85,Ninguna,235007.43,1
Sancor Salud,PMO,Diclofenaco,7 Select Sleep Aid,2,Banco Nación (20% descuento),150536.95,0.4
Sancor Salud,Plan Familiar,Enalapril,Gas Relief,2,Ninguna,48086.82,0.4
OSECAC,Plan Familiar,Carbonato de Litio,Carvedilol,81,Ninguna,298345.39,0.4
PAMI,Jubilados,Enalapril,Suave,68,Ninguna,183541.5,1
Hominis,Plan Sueldo,Loratadina Omeprazol,topiramate,95,Ninguna,190070.98,0.4
Galeno,Plan Familiar,Diclofenaco,Lumbagoforce,22,Tarjeta Naranja (Plan Z),75060.54,0.4
Omint,Plan Familiar,Carbonato de Litio,PROCHLORPERAZINE MALEATE,40,Tarjeta Naranja (Plan Z),56919.11,0.4
OSECAC,Plan Sueldo,Levotiroxina,Doxazosin Mesylate,35,BBVA (3 cuotas sin interés),111166.76,0.4
Medifé,Plan Sueldo,Amoxicilina,Enoxaparin sodium,19,Ninguna,89410.83,0.4
PAMI,Jubilados,Metoclopramida,GLIPIZIDE,100,Ninguna,151679.14,1
Galeno,Plan Familiar,Naproxeno,Phentermine Hydrochloride,14,Ninguna,272230.79,0.4
Hominis,PMO,Naproxeno,Potassium Chloride,48,Ninguna,213505.42,0.4
Medicus,Plan Familiar,Naproxeno,TOPIRAMATE,34,Ninguna,71596.92,0.4
OSECAC,Plan Familiar,Salbutamol,Buxom Show Some Skin Weightless Foundation Broad Spectrum SPF 30,10,Ninguna,114345.91,0.4
Prevención Salud,Plan Sueldo,Levotiroxina,Isomers Clear Skin Acne Treatment Lotion,65,Santander (10% de ahorro),103374.38,0.4
Medicus,Plan Sueldo,Carbonato de Litio,CRESTOR,10,Ninguna,97060.54,0.4